kappa,tsqr,normal_equations
1.6e1,1.3322676295501878e-15,1.1102230246251565e-15
2.56e2,5.329070518200751e-15,2.5135449277513544e-12
4.096e3,1.1080025785759062e-13,7.951531433292303e-9
6.5536e4,1.73794312274822e-12,1.162048706815355e-6
1.048576e6,2.0868418104669217e-11,4.4338843231406244e-4
1.6777216e7,2.93348678681582e-11,5.2848677181923986e-2
2.68435456e8,8.855804756180419e-9,3.3505570084468275e0
4.294967296e9,8.885523716806176e-8,1.0376879614376571e2
6.8719476736e10,1.5347697057688237e-6,1.5674456386191807e3
1.099511627776e12,8.703912953711423e-6,4.362069599034944e4
1.7592186044416e13,1.1835751273037154e-4,7.649068901031285e5
2.81474976710656e14,4.543330135760226e-2,4.775515844670969e6
