scene,normals,direction,predicted,empirical,ratio,bias,class
plane,analytical,0,3.535533905932737e-5,3.4373780584308147e-5,9.722373338473113e-1,1.042894742843779e-6,HIGH
plane,analytical,1,4.9277061739500525e-5,4.9096119274703536e-5,9.963280589708549e-1,6.912641822556208e-7,HIGH
plane,analytical,2,5.075571977871769e-5,4.943582242147627e-5,9.739951011827662e-1,-2.5592161737569397e-6,HIGH
plane,analytical,3,inf,1.156818209664882e-2,0e0,4.047657742918761e-5,LOW
plane,analytical,4,inf,1.1588065341901045e-2,0e0,1.6286421043751301e-4,LOW
plane,analytical,5,inf,4.71956017288325e-3,0e0,1.5702643701486537e-4,LOW
cylinder,analytical,0,4.9085993597937984e-5,5.02419689446263e-5,1.0235500040226724e0,5.466062273731749e-7,HIGH
cylinder,analytical,1,5.0920256478699126e-5,5.3885253868135135e-5,1.0582282493152075e0,1.0928691957228796e-6,HIGH
cylinder,analytical,2,6.486460454253083e-5,6.310320396980583e-5,9.728449655224511e-1,1.7794737659611828e-6,HIGH
cylinder,analytical,3,6.739600559760879e-5,6.745377520986178e-5,1.0008571667080375e0,5.157797787141108e-7,HIGH
cylinder,analytical,4,4.511009184354248e3,6.382258534932137e-3,1.414818341994965e-6,2.111230200340226e-4,LOW
cylinder,analytical,5,inf,1.1474151545909356e-2,0e0,5.164809800361496e-4,LOW
sphere,analytical,0,5.879272668472723e-5,5.960912822381171e-5,1.0138860975688775e0,3.3159645583695762e-6,HIGH
sphere,analytical,1,6.213963426096819e-5,6.18536775797463e-5,9.953981595704128e-1,-1.4715086866828671e-6,HIGH
sphere,analytical,2,6.298702933153491e-5,6.30924226248059e-5,1.0016732539125834e0,-4.502036445898038e-7,HIGH
sphere,analytical,3,3.867290810231591e3,5.5657304473433755e-3,1.439180739296426e-6,1.9101747424101365e-4,LOW
sphere,analytical,4,4.027082196627754e3,5.4411071929776214e-3,1.3511289135180704e-6,1.996182003465583e-4,LOW
sphere,analytical,5,4.0908271050875283e3,5.5881824263200415e-3,1.366027525184415e-6,3.502448808985938e-5,LOW
two planes,analytical,0,2.876485129288689e-5,2.837486802221551e-5,9.864423679197738e-1,6.571856083990244e-7,HIGH
two planes,analytical,1,3.535450919836819e-5,3.4419484009443246e-5,9.735528731659467e-1,9.647054336967832e-7,HIGH
two planes,analytical,2,5.177435298712117e-5,5.2450686311515866e-5,1.0130630956327533e0,-1.079115239783326e-6,HIGH
two planes,analytical,3,5.701867591504663e-5,5.608572410361082e-5,9.836377854016491e-1,-2.659825710412546e-6,HIGH
two planes,analytical,4,5.847607070671896e-5,5.821832040642281e-5,9.955922089637509e-1,2.02289814577245e-6,HIGH
two planes,analytical,5,inf,1.1179652715059918e-2,0e0,-4.30303945998099e-4,LOW
trihedral corner,analytical,0,2.9886195348076146e-5,3.0219311276608276e-5,1.0111461470639678e0,9.310405817765882e-7,HIGH
trihedral corner,analytical,1,3.006335197665205e-5,2.8603723543527942e-5,9.514482472128293e-1,9.475501422933832e-7,HIGH
trihedral corner,analytical,2,3.535419955058564e-5,3.468012818870783e-5,9.809337682525289e-1,1.1383231089561422e-6,HIGH
trihedral corner,analytical,3,5.0137162089465166e-5,4.869384168237052e-5,9.712125627589536e-1,2.173087727102398e-6,HIGH
trihedral corner,analytical,4,5.844911883265987e-5,5.8767707433066196e-5,1.0054506998012827e0,3.5084699830787124e-7,HIGH
trihedral corner,analytical,5,5.9722567271960825e-5,6.108997997928229e-5,1.0228960804898863e0,2.7997597360446496e-6,HIGH
tee joint,analytical,0,3.455837671990482e-5,3.477880077219586e-5,1.0063783103609747e0,1.206260947665775e-6,HIGH
tee joint,analytical,1,3.534456366966376e-5,3.456818559883911e-5,9.780340173928639e-1,9.430479564236441e-7,HIGH
tee joint,analytical,2,3.670013873248288e-5,3.624552209602347e-5,9.876126725358387e-1,-1.5756731573992834e-6,HIGH
tee joint,analytical,3,3.7640815502000956e-5,3.726716171861972e-5,9.900731751318891e-1,1.32156223042357e-6,HIGH
tee joint,analytical,4,1.1108904239298815e-4,1.0989975169597269e-4,9.89294257368713e-1,-1.7480724192281755e-6,MEDIUM
tee joint,analytical,5,inf,1.1178070905437201e-2,0e0,-4.2957739528535837e-4,LOW
corridor,analytical,0,2.4879049992425395e-5,2.5077012415303856e-5,1.0079569928489525e0,6.945997806050302e-7,HIGH
corridor,analytical,1,2.5463458894526667e-5,2.4501759638053535e-5,9.622321829702465e-1,-1.5612313984696621e-6,HIGH
corridor,analytical,2,3.5066887230033744e-5,3.5327274981104146e-5,1.007425459504355e0,3.651504721201285e-7,HIGH
corridor,analytical,3,3.648915431571372e-5,3.5017214083736667e-5,9.596608839097381e-1,1.5954095124440555e-6,HIGH
corridor,analytical,4,2.129773230353015e-4,2.1128616216673619e-4,9.920594322228147e-1,3.132965317368581e-6,MEDIUM
corridor,analytical,5,inf,1.153483853341342e-2,0e0,3.458829847711738e-4,LOW
plane,estimated,0,3.535533905932737e-5,3.4373780584308147e-5,9.722373338473113e-1,1.042894742843779e-6,HIGH
plane,estimated,1,4.9277061739500525e-5,4.9096119274703536e-5,9.963280589708549e-1,6.912641822556208e-7,HIGH
plane,estimated,2,5.075571977871769e-5,4.943582242147627e-5,9.739951011827662e-1,-2.5592161737569397e-6,HIGH
plane,estimated,3,inf,1.156818209664882e-2,0e0,4.047657742918761e-5,LOW
plane,estimated,4,inf,1.1588065341901045e-2,0e0,1.6286421043751301e-4,LOW
plane,estimated,5,inf,4.71956017288325e-3,0e0,1.5702643701486537e-4,LOW
cylinder,estimated,0,4.897356860244e-5,5.0042406567899105e-5,1.0218247923514778e0,-6.784392002311141e-7,HIGH
cylinder,estimated,1,5.107134808368089e-5,5.391377038539471e-5,1.0556559090051134e0,8.12124013398176e-7,HIGH
cylinder,estimated,2,6.516080461908714e-5,6.286756273369378e-5,9.64806421608833e-1,-8.705250092102398e-7,HIGH
cylinder,estimated,3,6.788157085488747e-5,6.739104350426419e-5,9.927737772646438e-1,-8.168116336186495e-7,HIGH
cylinder,estimated,4,1.1593906846059457e-3,1.1144844854215099e-3,9.612674141851515e-1,7.608187051020783e-5,LOW
cylinder,estimated,5,1.2120726849064168e-3,1.213778302272728e-3,1.0014071906640178e0,-2.3162898572853792e-5,LOW
sphere,estimated,0,5.8599525883090586e-5,5.9332055619244704e-5,1.0125006085819799e0,2.056851534819735e-6,HIGH
sphere,estimated,1,6.220901867581655e-5,6.20759594580553e-5,9.978610944105284e-1,-9.788098948792102e-7,HIGH
sphere,estimated,2,6.314829440446774e-5,6.291673553375461e-5,9.963330938246727e-1,-1.6907348433217404e-6,HIGH
sphere,estimated,3,1.4682147550691338e-3,1.439187453825213e-3,9.802295262707983e-1,-3.53045778338755e-5,LOW
sphere,estimated,4,1.549189950646756e-3,1.5544424084334792e-3,1.0033904543368166e0,5.9859659687819234e-5,LOW
sphere,estimated,5,1.856313090595535e-3,1.8669193122304135e-3,1.0057135952381158e0,2.3953920155460574e-5,LOW
two planes,estimated,0,2.8785223815335568e-5,2.836424467453819e-5,9.853751652758351e-1,7.188886611787052e-7,HIGH
two planes,estimated,1,3.5369744624580135e-5,3.4856369710321486e-5,9.854854786284807e-1,9.075649070936359e-7,HIGH
two planes,estimated,2,5.198909971550077e-5,5.288535019559219e-5,1.0172391998514296e0,-1.3762915106372622e-6,HIGH
two planes,estimated,3,5.722830349426574e-5,5.575816681925258e-5,9.743110212036871e-1,-2.4952882012028614e-6,HIGH
two planes,estimated,4,5.878118234481628e-5,5.9263999587800903e-5,1.008213806250993e0,2.275778486805125e-6,HIGH
two planes,estimated,5,3.7192193647933813e-4,3.641934297550341e-4,9.792200836620095e-1,-1.8935879232583035e-5,MEDIUM
trihedral corner,estimated,0,2.976492021229557e-5,3.019110892344039e-5,1.0143184899574758e0,-6.688577211022011e-7,HIGH
trihedral corner,estimated,1,2.9900722199701123e-5,2.8273453695218617e-5,9.455776187071906e-1,-1.0977055478155667e-6,HIGH
trihedral corner,estimated,2,3.4062610709696023e-5,3.3201377953149954e-5,9.747161847373925e-1,7.881586991276491e-7,HIGH
trihedral corner,estimated,3,5.4667773176773165e-5,5.319057529788264e-5,9.729786345217707e-1,2.830115113472298e-6,HIGH
trihedral corner,estimated,4,6.354276308754555e-5,6.454981509901252e-5,1.0158484139268464e0,1.7253541965229403e-6,HIGH
trihedral corner,estimated,5,6.4057923378408e-5,6.482418764686823e-5,1.0119620529053635e0,2.1559327564877175e-6,HIGH
tee joint,estimated,0,3.4742585215395024e-5,3.4660649303429644e-5,9.976416288120933e-1,5.63148977647181e-7,HIGH
tee joint,estimated,1,3.541153611708173e-5,3.4345799823020576e-5,9.699042625392614e-1,1.313397822100709e-6,HIGH
tee joint,estimated,2,3.6897297569104966e-5,3.6683366837639835e-5,9.942019945752271e-1,-1.9048544042945436e-6,HIGH
tee joint,estimated,3,3.788240444451032e-5,3.8075457667685966e-5,1.0050961185280207e0,1.6851902269754036e-6,HIGH
tee joint,estimated,4,1.1107058813006462e-4,1.0894004780731716e-4,9.808181413404188e-1,-5.867001456840967e-7,MEDIUM
tee joint,estimated,5,2.909374556269791e-4,2.926103034101927e-4,1.005749853622692e0,3.6610914004301192e-6,MEDIUM
corridor,estimated,0,2.488396552337271e-5,2.5454713632026804e-5,1.0229363807837626e0,2.3756207779044493e-7,HIGH
corridor,estimated,1,2.5455788743046143e-5,2.4465427714379868e-5,9.610948598504214e-1,-1.5868723366847783e-6,HIGH
corridor,estimated,2,3.531316244948579e-5,3.5489596253070665e-5,1.0049962617717192e0,4.365989532744602e-8,HIGH
corridor,estimated,3,3.653039718141294e-5,3.578356300106013e-5,9.795558154858277e-1,1.7312782642955656e-6,HIGH
corridor,estimated,4,2.7519763569607025e-4,2.714606487576976e-4,9.864207156834014e-1,8.834030464753611e-6,MEDIUM
corridor,estimated,5,3.67564118547966e-4,3.640603548492972e-4,9.904676122563048e-1,5.115927266437763e-6,MEDIUM
