openalex_id,reached_abstracts_via,decision,exclusion_code,note,year,title
W2000969939,title (manual),excl,1,plane-patch mapping method; no judgement of a registration,2010,
W4389802948,title (manual),excl,off,not about registration,2023,
W7207529710,title (manual),excl,1,predicts localisation error along a path from map cues; no judgement of a given registration,2026,A Bayesian network framework based on Localization Risk Maps for anticipating and minimizing localization errors
W4396666867,title (manual),n/a,,"no abstract in OpenAlex or Semantic Scholar, full text paywalled",2024,A Differential Entropy-Based Method for Reverse Engineering Quality Assessment
W3005754415,title (manual),incl,,binary failure detection from alignment features of one registration (logistic regression); accuracy reported,2019,A failure detection method for 3D LiDAR based localization
W4313017367,title (manual),group3,3,learned mismatch detection; evaluated by mapping accuracy,2022,A LiDAR-Based 3D Indoor Mapping Framework with Mismatch Detection and Optimization
W2318086066,title (manual),incl,,"probability that two parts are aligned (MLE error model), one registration; simulation only",2015,A Point Cloud-Based Method for Object Alignment Verification for Augmented Reality Applications
W3124928558,title (manual),excl,1,localisation architecture; no verdict,2020,A Reliable Localization Architecture for Mobile Surveillance Robots
W4408222531,title (manual),excl,2,particle divergence in particle-filter SLAM; not a registration of two clouds,2024,A Robot Localization Deviation Detection Method Based on ResNet
W2622246761,title (manual),excl,1,hypothesis verification inside a registration pipeline (title; no abstract),2017,An automatic and robust point cloud registration framework based on view-invariant local feature descriptors and transformation consistency verification
W2278462819,title (manual),excl,1,multi-robot data association (title; no abstract),2015,An Experimental Study of Robust Distributed Multi-robot Data Association from Arbitrary Poses
W2773719926,title (manual),incl,,"probabilistic quality of matched object scans, one match; no error rates",2017,Analyzing the quality of matched 3D point clouds of objects
W21570645,title (manual),group3,3,map quality assessment (title; no abstract),2007,ASSESSING MAP QUALITY AND ERROR CAUSATION USING CONDITIONAL RANDOM FIELDS
W4283760837,title (manual),excl,q,"posterior over the pose (Bayesian ICP); a quantity, no verdict",2022,Bayesian iterative closest point for mobile robot localization
W2031406117,title (manual),excl,1,multi-hypothesis scan matching (sonar); no verdict,2013,Bayesian multi-hypothesis scan matching
W2083946184,title (manual),excl,2,NIS validation of a 2D range-finder in sensor fusion,2013,Camera/Laser/GPS Fusion Method for Vehicle Positioning Under Extended NIS-Based Sensor Validation
W3202880795,title (manual),incl,,"certainty over candidate registrations to different places, thresholded as a termination criterion; full text not available",2021,Certainty Aware Global Localisation Using 3D Point Correspondences
W4385430565,title (manual),excl,off,pose sets from contact data; not cloud registration,2023,CHSEL: Producing Diverse Plausible Pose Estimates from Contact and Free Space Data
W1953793983,title (manual),excl,1,benchmark of ICP variants from perturbed starts; no per-pair verdict (known content; no abstract),2013,Comparing ICP variants on real-world data sets
W2293984849,title (manual),excl,off,feature data association,2010,Consistent data association in multi-robot systems with limited communications
W4238916604,title (manual),excl,off,duplicate of W2293984849,2011,Consistent Data Association in Multi-robot Systems with Limited Communications
W3198975403,title (manual),incl,,"CorAl (conference): entropy of the joint cloud, one registration",2021,CorAl – Are the point clouds Correctly Aligned?
W4229444507,title (manual),incl,,CorAl (journal); cited,2022,CorAl: Introspection for robust radar and lidar perception in diverse environments using differential entropy
W3127209738,title (manual),excl,1,degeneracy-aware loop closing (abstract from Semantic Scholar),2021,DARE-SLAM: Degeneracy-Aware and Resilient Loop Closing in Perceptually-Degraded Environments
W2142135802,title (manual),incl,,"registration failure detection in stereo edge-point ICP, one registration",2009,Detailed 3D mapping based on image edge-point ICP and recovery from registration failure
W2132732015,title (manual),excl,2,2D endoscopy image registration,2009,Detecting registration failure
W4226180932,title (manual),incl,,"localisation failure detection by MRF, one alignment to a map",2022,Detection of Localization Failures Using Markov Random Fields With Fully Connected Latent Variables for Safe LiDAR-Based Automated Driving
W4409099234,title (manual),incl,,isolation-forest anomaly detection on SLAM localisation variables,2025,Enhanced Isolation Forest-Based Algorithm for Unsupervised Anomaly Detection in Lidar SLAM Localization
W4413278326,title (manual),incl,,"EQUR: learned, sampling-free uncertainty score of one registration",2025,EQUR: Equivariant Uncertainty Quantification and Refinement for Point Cloud Registration
W3016624477,title (manual),excl,q,Bayesian ICP posterior; a quantity,2020,Estimating Motion Uncertainty with Bayesian ICP
W2464847390,title (manual),excl,q,Monte Carlo accuracy analysis (title; no abstract),2016,Evaluation of point cloud registration using Monte Carlo method
W7160874558,title (manual),incl,,"loop-acceptance gates in repeated corridors (temporal continuity, size of ICP correction); abstract from Semantic Scholar",2026,Failure-Driven Enhancement of Loop Closure Acceptance in LVI-SAM for Ambiguous Indoor Scenes
W2160650656,title (manual),excl,2,position-fault detection from redundant sources; not a 3D registration,2006,Fault detection for mobile robots using redundant positioning systems
W7204096426,title (manual),incl,,GSSeq: rendered-reference loop verification,2026,GSSeq: Rendered-Reference Sequential Loop Verification for UAV 3D Gaussian Splatting SLAM
W4403390117,title (manual),excl,1,consistency validation inside branch-and-bound registration,2024,Hierarchical and Validated Branch-and-Bound Method for Global Point Cloud Registration
W4380993773,title (manual),excl,q,ICET accuracy prediction (preprint),2023,ICET Online Accuracy Characterization for Geometry-Based Laser Scan Matching
W4399213625,title (manual),excl,q,ICET accuracy prediction (journal),2024,ICET Online Accuracy Characterization for Geometry-Based Laser Scan Matching
W4319998008,title (manual),excl,1,loop-closure integration for map self-consistency,2023,Improving Self-Consistency in Underwater Mapping Through Laser-Based Loop Closure
W2161313337,title (manual),excl,q,scan-matching uncertainty by CRF (title; no abstract),2011,Inferring laser-scan matching uncertainty with conditional random fields
W4415317960,title (manual),excl,off,interpretability of a learned localiser,2025,Introspection in Learned Semantic Scene Graph Localisation
W4386918898,title (manual),excl,off,survey of perception introspection,2023,Introspection of DNN-Based Perception Functions in Automated Driving Systems: State-of-the-Art and Open Research Challenges
W4413917342,title (manual),group3,3,introspective loop closure for 4D radar; judged by ATE,2025,Introspective Loop Closure for SLAM with 4D Imaging Radar
W2180077832,title (manual),excl,off,optimality certificate for pose-graph SLAM; not a registration of two clouds,2015,Lagrangian duality in 3D SLAM: Verification techniques and optimal solutions
W2772163732,title (manual),incl,,"comparison of geometric consistency measures for aligned / misaligned pairs, one registration",2017,Learning to detect misaligned point clouds
W2410520351,title (manual),excl,q,analytical localisation accuracy bounds,2016,Localization accuracy estimation with application to perception design
W4395029557,title (manual),excl,2,2D LiDAR localisation fault detection,2024,Localization Fault Detection Method using 2D LiDAR and Fisheye Camera for an Autonomous Mobile Robot Control
W2284402572,title (manual),n/a,,"no abstract, no DOI",2009,Looking Inside for Mapping the Outside: Introspective Simultaneous Localization and Mapping
W4411996390,title (manual),incl,,localisation failure detection by hypothesis testing,2024,Mobile Robot Localization Failure Detection
W2059759762,title (manual),excl,q,Monte Carlo accuracy analysis of ICP for inspection,1997,Monte Carlo simulation and analysis of free-form surface registration
W4390485868,title (manual),excl,1,SLAM in self-similar tunnels; no verdict,2023,Multi-Modal SLAM for Accurate Localisation in Self-similar Environments
W7124994532,title (manual),excl,q,solution-separation uncertainty; a quantity,2026,Positioning Uncertainty Estimation of LiDAR SLAM Based on Multifault Hypothesis Solution Separation and Lie Group Theory
W2892358936,title (manual),incl,,alignment-risk prediction before registration (overlap and constraints),2018,Predicting Alignment Risk to Prevent Localization Failure
W4413925366,title (manual),excl,1,adversarial resilience analysis before deployment,2025,Prepared for the Worst: Resilience Analysis of the ICP Algorithm via Learning-Based Worst-Case Adversarial Attacks
W2897459191,title (manual),excl,2,CNN reliability of 2D grid localisation,2018,Reliability Estimation of Vehicle Localization Result
W2109271936,title (manual),group3,3,dynamic covariance scaling; judged by the optimised graph,2013,Robust map optimization using dynamic covariance scaling
W4403021940,title (manual),incl,,safety quantification (integrity) of LiDAR localisation against a prior map,2024,Safety-Quantifiable Planar-Feature-Based LiDAR Localization With a Prior Map for Intelligent Vehicles in Urban Scenarios
W7110941558,title (manual),incl,,CNN validation of scan matches for graph SLAM in corridors,2025,Scan matching validation scheme based on the neural network using Gaussian model input to improve robustness of graph SLAM
W2228459732,title (manual),excl,q,Monte Carlo ICP pose uncertainty (title; no abstract),2015,Shape Dependency of ICP Pose Uncertainties in the Context of Pose Estimation Systems
W2888874480,title (manual),excl,2,CNN reliability of 2D grid localisation,2018,Simultaneous pose and reliability estimation using convolutional neural network and Rao–Blackwellized particle filter
W3176325883,title (manual),excl,q,Stein ICP posterior; cited,2021,Stein ICP for Uncertainty Estimation in Point Cloud Matching
W4413925245,title (manual),excl,1,localizability (degeneracy) risk before optimisation,2025,SuperLoc: The Key to Robust Lidar-Inertial Localization Lies in Predicting Alignment Risks Superodometry.Com/SuperLoc
W4415003007,title (manual),excl,q,SVN-ICP posterior,2025,SVN-ICP: Uncertainty Estimation of ICP-Based LiDAR Odometry Using Stein Variational Newton
W7168828016,title (manual),excl,q,SVN-NDT posterior (abstract from Semantic Scholar),2026,SVN-NDT: Extending Stein Variational Newton to Probabilistic LiDAR Registration for Surface Vehicle Localization
W1999399477,title (manual),group3,3,switchable constraints; judged by the optimised graph,2012,Switchable constraints for robust pose graph SLAM
W4316116310,title (manual),group3,3,TBV (preprint); judged by the trajectory,2023,TBV Radar SLAM -- trust but verify loop candidates
W4366148620,title (manual),group3,3,TBV (journal); cited,2023,TBV Radar SLAM – Trust but Verify Loop Candidates
W3111598592,title (manual),incl,,TEASER: certificate of optimality for a correspondence-based registration,2020,TEASER: Fast and Certifiable Point Cloud Registration
W3087829522,title (manual),excl,q,local uncertainty of multi-scan alignment; no verdict,2020,Uncertainty quantification for multi-scan registration
W4400448400,title (manual),excl,q,uncertainty weights for map matching,2024,Uncertainty‐aware LiDAR‐based localization for outdoor mobile robots
W2990844533,title (manual),excl,2,introspective 2D radar odometry,2019,What Could Go Wrong? Introspective Radar Odometry in Challenging Environments
W2119321730,main string,excl,1/off,"not a judgement of a specific registration (Monte Carlo localisation, registration or SLAM methods, medical and other applications)",2006,Omnidirectional vision scan matching for robot localization in dynamic environments
W2947431802,main string,excl,1/off,"not a judgement of a specific registration (Monte Carlo localisation, registration or SLAM methods, medical and other applications)",2019,Point Cloud Registration Based on MCMC-SA ICP Algorithm
W2967195559,main string,excl,1/off,"not a judgement of a specific registration (Monte Carlo localisation, registration or SLAM methods, medical and other applications)",2019,HoloLens-Based AR System with a Robust Point Set Registration Algorithm
W3010226298,main string,incl,,"Liao et al.: ratio of cross-cloud to intrinsic fuzzy-centre distance ≤ 1, one registration, used as a stop criterion; no rates (full text read)",2020,Point Set Registration for 3D Range Scans Using Fuzzy Cluster-Based Metric and Efficient Global Optimization
W4393158597,main string,excl,1/off,"not a judgement of a specific registration (Monte Carlo localisation, registration or SLAM methods, medical and other applications)",2024,PosDiffNet: Positional Neural Diffusion for Point Cloud Registration in a Large Field of View with Perturbations
W4376108486,main string,excl,1/off,"not a judgement of a specific registration (Monte Carlo localisation, registration or SLAM methods, medical and other applications)",2023,An Enhanced Adaptive Monte Carlo Localization for Service Robots in Dynamic and Featureless Environments
W4292793935,main string,excl,1/off,"not a judgement of a specific registration (Monte Carlo localisation, registration or SLAM methods, medical and other applications)",2022,Precise Repositioning of Robotic Ultrasound: Improving Registration-Based Motion Compensation Using Ultrasound Confidence Optimization
W3182496594,main string,excl,1/off,"not a judgement of a specific registration (Monte Carlo localisation, registration or SLAM methods, medical and other applications)",2021,Multi-Robot 2.5D Localization and Mapping Using a Monte Carlo Algorithm on a Multi-Level Surface
W4396798378,main string,excl,1/off,"not a judgement of a specific registration (Monte Carlo localisation, registration or SLAM methods, medical and other applications)",2024,L-PCM: Localization and Point Cloud Registration-Based Method for Pose Calibration of Mobile Robots
W4366438981,main string,incl,,"Aoki et al.: covariance of poses converged from several initial poses; expansion read as localisation risk; no threshold for a verdict, no rates (full text read)",2023,Error Covariance Estimation of 3D Point Cloud Registration Considering Surrounding Environment
W4405632362,main string,excl,1/off,"not a judgement of a specific registration (Monte Carlo localisation, registration or SLAM methods, medical and other applications)",2024,GDC-WED: A Novel Method for Featureless Point Cloud Registration Using Geometry Distance Constraints and Weighted Enhanced Distance
W2210594414,main string,excl,1/off,"not a judgement of a specific registration (Monte Carlo localisation, registration or SLAM methods, medical and other applications)",2009,"Vehicle Perception: Localization, Mapping with Detection, Classification and Tracking of Moving Objects"
W4220899417,main string,excl,1/off,"not a judgement of a specific registration (Monte Carlo localisation, registration or SLAM methods, medical and other applications)",2022,A Robust Localization System Fusion Vision-CNN Relocalization and Progressive Scan Matching for Indoor Mobile Robots
W7119860189,main string,excl,1/off,"not a judgement of a specific registration (Monte Carlo localisation, registration or SLAM methods, medical and other applications)",2026,A Fractional-Order Spatiotemporal Unified Energy Framework for Non-Repetitive LiDAR Point Cloud Registration
W2124123377,main string,excl,1/off,"not a judgement of a specific registration (Monte Carlo localisation, registration or SLAM methods, medical and other applications)",2006,Using laser range data for 3D SLAM in outdoor environments
W2597622074,main string,excl,1/off,"not a judgement of a specific registration (Monte Carlo localisation, registration or SLAM methods, medical and other applications)",2017,Probabilistic 3D Sound Source Mapping System Based on Monte Carlo Localization Using Microphone Array and LIDAR
W2980344706,main string,excl,1/off,"not a judgement of a specific registration (Monte Carlo localisation, registration or SLAM methods, medical and other applications)",2019,A Convenient Pose Measurement Method of Mobile Robot Using Scan Matching and Eye-in-Hand Vision System
W4402484782,main string,excl,1/off,"not a judgement of a specific registration (Monte Carlo localisation, registration or SLAM methods, medical and other applications)",2024,Industry and artificial intelligence: industrial robot localization based on improved monte carlo algorithm
W2766201361,main string,excl,1/off,"not a judgement of a specific registration (Monte Carlo localisation, registration or SLAM methods, medical and other applications)",2018,Improving 6D Pose Estimation of Objects in Clutter Via Physics-Aware Monte Carlo Tree Search
W2517637050,main string,excl,1/off,"not a judgement of a specific registration (Monte Carlo localisation, registration or SLAM methods, medical and other applications)",2016,Vehicle localization with low cost radar sensors
W1736931297,main string,excl,1/off,"not a judgement of a specific registration (Monte Carlo localisation, registration or SLAM methods, medical and other applications)",2002,Geometrical Analysis of Two Sets of 3D Correspondence Data Patterns for the Registration of Free-Form Shapes
W2116922079,main string,excl,1/off,"not a judgement of a specific registration (Monte Carlo localisation, registration or SLAM methods, medical and other applications)",2006,"Ground Object Recognition using Laser Radar Data Geometric Fitting, Performance Analysis, and Applications"
W2905944778,main string,excl,1/off,"not a judgement of a specific registration (Monte Carlo localisation, registration or SLAM methods, medical and other applications)",2018,Measuring asymmetry from high-density 3D surface scans: An application to human faces
W4388598822,main string,excl,1/off,"not a judgement of a specific registration (Monte Carlo localisation, registration or SLAM methods, medical and other applications)",2023,Collaborative diagnosis in mixed-reality using deep-learning networks and RE-WAPICP algorithm
W1993141117,main string,excl,1/off,"not a judgement of a specific registration (Monte Carlo localisation, registration or SLAM methods, medical and other applications)",2007,Automated detection and segmentation of cylindrical fragments from calibrated C-arm images for long bone fracture reduction
W3122885952,main string,excl,1/off,"not a judgement of a specific registration (Monte Carlo localisation, registration or SLAM methods, medical and other applications)",2021,Robust Localization for Intelligent Vehicles Based on Pole-Like Features Using the Point Cloud
W2008048044,main string,excl,1/off,"not a judgement of a specific registration (Monte Carlo localisation, registration or SLAM methods, medical and other applications)",2013,Mapping with synthetic 2D LIDAR in 3D urban environment
W3215849868,main string,excl,1/off,"not a judgement of a specific registration (Monte Carlo localisation, registration or SLAM methods, medical and other applications)",2022,Kilometer-Scale Autonomous Navigation in Subarctic Forests: Challenges and Lessons Learned
W42886951,main string,excl,1/off,"not a judgement of a specific registration (Monte Carlo localisation, registration or SLAM methods, medical and other applications)",2009,Experimental Evaluation of a People Detection Algorithm in Dynamic Environments
W3000065826,main string,excl,1/off,"not a judgement of a specific registration (Monte Carlo localisation, registration or SLAM methods, medical and other applications)",2020,Hybrid Maps Enhanced Localization System for Mobile Manipulator in Harsh Manufacturing Workshop
W3089501578,main string,excl,1/off,"not a judgement of a specific registration (Monte Carlo localisation, registration or SLAM methods, medical and other applications)",2020,ROI-cloud: A Key Region Extraction Method for LiDAR Odometry and Localization
W3118330673,main string,excl,1/off,"not a judgement of a specific registration (Monte Carlo localisation, registration or SLAM methods, medical and other applications)",2021,Real-Time Autonomous Vehicle Localization Based on Particle and Unscented Kalman Filters
W4367172626,main string,excl,1/off,"not a judgement of a specific registration (Monte Carlo localisation, registration or SLAM methods, medical and other applications)",2023,Sensor Fusion of Light Detection and Ranging and iBeacon to Enhance Accuracy of Autonomous Mobile Robot in Hard Disk Drive Clean Room Production Line
W2920879222,main string,excl,1/off,"not a judgement of a specific registration (Monte Carlo localisation, registration or SLAM methods, medical and other applications)",2018,Robust Global Localization by Using Global Visual Features and Range Finders Data
W4415481605,main string,excl,1/off,"not a judgement of a specific registration (Monte Carlo localisation, registration or SLAM methods, medical and other applications)",2025,Iterative Similarity Perturbation Point Cloud Registration Based on Deformation-Resistant Region Detection
W2162224443,main string,excl,1/off,"not a judgement of a specific registration (Monte Carlo localisation, registration or SLAM methods, medical and other applications)",2002,A registration aid
W2746974184,main string,excl,1/off,"not a judgement of a specific registration (Monte Carlo localisation, registration or SLAM methods, medical and other applications)",2017,A new star tracker concept for satellite attitude determination based on a multi-purpose panoramic camera
W3048190720,main string,excl,1/off,"not a judgement of a specific registration (Monte Carlo localisation, registration or SLAM methods, medical and other applications)",2020,Accurate LiDAR-based Localization in Glass-walled Environment
W419459907,main string,excl,1/off,"not a judgement of a specific registration (Monte Carlo localisation, registration or SLAM methods, medical and other applications)",2012,Automated Aerial Refueling Position Estimation Using a Scanning LiDAR
W2413477357,main string,excl,1/off,"not a judgement of a specific registration (Monte Carlo localisation, registration or SLAM methods, medical and other applications)",2015,WA-ICP algorithm for tackling ambiguous correspondence
W4310969418,main string,excl,1/off,"not a judgement of a specific registration (Monte Carlo localisation, registration or SLAM methods, medical and other applications)",2022,Accurate Pose Tracking of Mobile Robot Using Entropy-based TrimICP in Dynamic Environment
W4283815720,main string,excl,1/off,"not a judgement of a specific registration (Monte Carlo localisation, registration or SLAM methods, medical and other applications)",2022,Self-Driving Vehicle Localization using Probabilistic Maps and Unscented-Kalman Filters
W4312460601,main string,excl,1/off,"not a judgement of a specific registration (Monte Carlo localisation, registration or SLAM methods, medical and other applications)",2022,SuperLine3D: Self-supervised Line Segmentation and Description for LiDAR Point Cloud
W7117963466,main string,excl,1/off,"not a judgement of a specific registration (Monte Carlo localisation, registration or SLAM methods, medical and other applications)",2026,CGReg: Classification-Guided Point Cloud Registration via Equivariant Learning
W1967814761,main string,excl,1/off,"not a judgement of a specific registration (Monte Carlo localisation, registration or SLAM methods, medical and other applications)",2012,Predicting target vessel location on robot-assisted coronary artery bypass graft using CT to ultrasound registration
W2170472272,main string,excl,1/off,"not a judgement of a specific registration (Monte Carlo localisation, registration or SLAM methods, medical and other applications)",2005,Laser Based Personal Navigation System
W2975847968,main string,excl,1/off,"not a judgement of a specific registration (Monte Carlo localisation, registration or SLAM methods, medical and other applications)",2019,Large Scale 2D Laser SLAM using Truncated Signed Distance Functions
W1970032239,main string,excl,1/off,"not a judgement of a specific registration (Monte Carlo localisation, registration or SLAM methods, medical and other applications)",2014,Integrating elementary functions for autonomous navigation of a mobile robot
W2396993951,main string,excl,1/off,"not a judgement of a specific registration (Monte Carlo localisation, registration or SLAM methods, medical and other applications)",2011,[Experimental study of three dimensional navigation assisted spinal surgery by multi-segment registration technology based on structured light scanning].
W7165389951,main string,excl,1/off,"not a judgement of a specific registration (Monte Carlo localisation, registration or SLAM methods, medical and other applications)",2026,Research on Spanning Tree Topology Optimization and Pyramid-Based Fine Alignment Algorithm for Multi-View Point Cloud Registration
W7204668499,main string,excl,1/off,"not a judgement of a specific registration (Monte Carlo localisation, registration or SLAM methods, medical and other applications)",2026,Lightweight Cross-Modal Channel Calibration and Controlled Evaluation of Candidate-Budget Effects for Image-to-Point Cloud Registration
W4312248127,main string,excl,1/off,"not a judgement of a specific registration (Monte Carlo localisation, registration or SLAM methods, medical and other applications)",2022,Scan Matching and Probabilistic Stationary Global Localization in an Airport Environment
W156288433,main string,excl,1/off,"not a judgement of a specific registration (Monte Carlo localisation, registration or SLAM methods, medical and other applications)",2012,A Non-contact Image-to-Patient Registration Method Using Kinect Sensor and WAP-ICP
W2971338476,main string,excl,1/off,"not a judgement of a specific registration (Monte Carlo localisation, registration or SLAM methods, medical and other applications)",2019,Map Switching Monte Carlo LiDAR Localization for Automated Driving in Parking Garages
W2984212216,main string,excl,1/off,"not a judgement of a specific registration (Monte Carlo localisation, registration or SLAM methods, medical and other applications)",2019,Map Switching Monte Carlo LiDAR Localization for Automated Driving in Parking Garages.
W2756158950,main string,excl,1/off,"not a judgement of a specific registration (Monte Carlo localisation, registration or SLAM methods, medical and other applications)",2017,Map-based robust localization for indoor mobile robots
W4412980466,main string,excl,1/off,"not a judgement of a specific registration (Monte Carlo localisation, registration or SLAM methods, medical and other applications)",2025,Reference data generation for evaluating pairwise registration algorithms
W7126072680,main string,excl,1/off,"not a judgement of a specific registration (Monte Carlo localisation, registration or SLAM methods, medical and other applications)",2025,Hierarchical Scan Matching for High Accuracy Localization for Kidnapped Robots
W1979700120,main string,excl,1/off,"not a judgement of a specific registration (Monte Carlo localisation, registration or SLAM methods, medical and other applications)",2003,Using surface envelopes for discrimination of molecular models
W2005809055,main string,excl,1/off,"not a judgement of a specific registration (Monte Carlo localisation, registration or SLAM methods, medical and other applications)",2010,On the closed-form covariance estimation for the pIC algorithm
W4299397647,main string,excl,1/off,"not a judgement of a specific registration (Monte Carlo localisation, registration or SLAM methods, medical and other applications)",2017,Improving 6D Pose Estimation of Objects in Clutter via Physics-aware\n Monte Carlo Tree Search
W2126381374,main string,excl,1/off,"not a judgement of a specific registration (Monte Carlo localisation, registration or SLAM methods, medical and other applications)",2005,A Novel Multifaceted Virtual Craniofacial Surgery Scheme Using Computer Vision
W187519708,main string,excl,1/off,"not a judgement of a specific registration (Monte Carlo localisation, registration or SLAM methods, medical and other applications)",2006,3D Content-Based Model Matching using Geometric Features
W7123336547,main string,excl,1/off,"not a judgement of a specific registration (Monte Carlo localisation, registration or SLAM methods, medical and other applications)",2026,SilRef: Joint Visual Silhouette and Tactile Pose Optimization for Transparent Object Manipulation
W2791637346,main string,excl,1/off,"not a judgement of a specific registration (Monte Carlo localisation, registration or SLAM methods, medical and other applications)",2017,Detection by registration
W3095946098,main string,excl,1/off,"not a judgement of a specific registration (Monte Carlo localisation, registration or SLAM methods, medical and other applications)",2020,"ROS Ekosistemi ile Robotik Uygulamalar için UWB, LiDAR ve Odometriye Dayalı Konumlandırma ve İlklendirme Algoritmaları"
W4413423216,main string,excl,1/off,"not a judgement of a specific registration (Monte Carlo localisation, registration or SLAM methods, medical and other applications)",2025,DisorientLiDAR: Physical Attacks on LiDAR-based Localization
W7154564297,main string,excl,1/off,"not a judgement of a specific registration (Monte Carlo localisation, registration or SLAM methods, medical and other applications)",2026,Lidar-inertial odometry tightly coupled SLAM research based on scene degradation detection
W4388993226,main string,excl,1/off,"not a judgement of a specific registration (Monte Carlo localisation, registration or SLAM methods, medical and other applications)",2024,Towards Retail Stores Automation: 6-DOF Pose Estimation Combining Deep Learning Object Detection and Dense Depth Alignment
W7161483426,main string,excl,1/off,"not a judgement of a specific registration (Monte Carlo localisation, registration or SLAM methods, medical and other applications)",2026,Deep Learning–Based Few-Shot Method for Detection and Evaluation of Tunnel Overbreak and Underbreak
W2789329550,main string,excl,1/off,"not a judgement of a specific registration (Monte Carlo localisation, registration or SLAM methods, medical and other applications)",2018,"Collaborative strategies for autonomous localisation, 3D reconstruction and pathplanning."
W4413096628,main string,excl,1/off,"not a judgement of a specific registration (Monte Carlo localisation, registration or SLAM methods, medical and other applications)",2025,A Hybrid 3D-2D Point Cloud Fusion Framework for Adaptive Localization in Warehouse Robot Navigation Systems
W7213348393,main string,excl,1/off,"not a judgement of a specific registration (Monte Carlo localisation, registration or SLAM methods, medical and other applications)",2026,A Study on an Autonomous Navigation System for Mobile Robots Based on Laser SLAM
W7160017793,main string,excl,1/off,"not a judgement of a specific registration (Monte Carlo localisation, registration or SLAM methods, medical and other applications)",2026,Automated Mid-Surface Mesh Generation Method for Automotive Plastic Parts Based on Deep Learning
W4417281774,main string,excl,1/off,"not a judgement of a specific registration (Monte Carlo localisation, registration or SLAM methods, medical and other applications)",2026,Fast and Robust Localization for Humanoid Soccer Robot via Iterative Landmark Matching
W4412626761,main string,excl,1/off,"not a judgement of a specific registration (Monte Carlo localisation, registration or SLAM methods, medical and other applications)",2025,Autonomous navigation push material robot in ranch based on multisensor
W7164344834,main string,excl,1/off,"not a judgement of a specific registration (Monte Carlo localisation, registration or SLAM methods, medical and other applications)",2025,Cross-Domain Few-Shot Adaptation of Siamese Networks for Robot Initial Localization
W7164317580,main string,excl,1/off,"not a judgement of a specific registration (Monte Carlo localisation, registration or SLAM methods, medical and other applications)",2026,Explore From Sketch: Accelerating UAV Exploration in Large-scale Environments with Prior Maps
W7162581763,main string,excl,1/off,"not a judgement of a specific registration (Monte Carlo localisation, registration or SLAM methods, medical and other applications)",2026,High-Precision 3D Reconstruction of Historic Buildings Using Multi-Source Data
W3022126997,main string,excl,1/off,"not a judgement of a specific registration (Monte Carlo localisation, registration or SLAM methods, medical and other applications)",2009,RESEARCHING FOR THE SAMPLING METHOD ON CMM
W4415068897,main string,excl,1/off,"not a judgement of a specific registration (Monte Carlo localisation, registration or SLAM methods, medical and other applications)",2025,Robust Filtering -- Novel Statistical Learning and Inference Algorithms with Applications
W7125915303,main string,excl,1/off,"not a judgement of a specific registration (Monte Carlo localisation, registration or SLAM methods, medical and other applications)",2026,Precise Target Point Localization in 2D SLAM Using Multi Maps
W7202213398,main string,excl,1/off,"not a judgement of a specific registration (Monte Carlo localisation, registration or SLAM methods, medical and other applications)",2026,Coarse-to-Fine Registration of Jawbone CT and Intraoral Scan Data Using GeDi and ICP with Pseudo-IOS Ground Truth
W4414581174,main string,excl,1/off,"not a judgement of a specific registration (Monte Carlo localisation, registration or SLAM methods, medical and other applications)",2025,A Coarse to Fine 3D LiDAR Localization with Deep Local Features for Long Term Robot Navigation in Large Environments
W7118128365,main string,excl,1/off,"not a judgement of a specific registration (Monte Carlo localisation, registration or SLAM methods, medical and other applications)",2025,Multimodal 3D Fire and Smoke Localization in Complex Scenes via YOLOv7 and PointNet++ Integration
W7202363453,main string,excl,1/off,"not a judgement of a specific registration (Monte Carlo localisation, registration or SLAM methods, medical and other applications)",2026,Dynamic uncertainty evaluation of axial displacement of optical scanning coordinate measuring machine based on neural network
W7164862918,main string,excl,1/off,"not a judgement of a specific registration (Monte Carlo localisation, registration or SLAM methods, medical and other applications)",2026,SURE: Semantic- and uncertainty-aware registration network for robust outdoor LiDAR alignment
W2787084047,main string,excl,1/off,"not a judgement of a specific registration (Monte Carlo localisation, registration or SLAM methods, medical and other applications)",2010,Contribution to Perception for Intelligent Vehicles
W7124841623,main string,excl,1/off,"not a judgement of a specific registration (Monte Carlo localisation, registration or SLAM methods, medical and other applications)",2026,A Coarse‐to‐Fine 3D LiDAR Localization With Deep Local Features for Long‐Term Robot Navigation in Large Environments
W4413325105,main string,excl,1/off,"not a judgement of a specific registration (Monte Carlo localisation, registration or SLAM methods, medical and other applications)",2025,Research on space laser 3D point cloud data registration technology
W2348637884,main string,excl,1/off,"not a judgement of a specific registration (Monte Carlo localisation, registration or SLAM methods, medical and other applications)",2014,Indoor integrated navigation of micro aerial vehicle based on radar-scanner and inertial navigation system
W4413823828,main string,excl,1/off,"not a judgement of a specific registration (Monte Carlo localisation, registration or SLAM methods, medical and other applications)",2025,AI-Enhanced Mixed Reality: Transforming Real-Time Medical Data Collaboration among Physicians and Trainees
W4410295599,main string,excl,1/off,"not a judgement of a specific registration (Monte Carlo localisation, registration or SLAM methods, medical and other applications)",2025,Research on Mobile Robot Localization Method Based on Adaptive Motion Model and Double-Threshold Relocation Strategy
W4408897136,main string,excl,1/off,"not a judgement of a specific registration (Monte Carlo localisation, registration or SLAM methods, medical and other applications)",2024,IMU/ODO Pre-integration Based Tightly Coupled LiDAR SLAM in Degradation Scenarios
W7171998027,main string,excl,1/off,"not a judgement of a specific registration (Monte Carlo localisation, registration or SLAM methods, medical and other applications)",2026,Research on a Quick Response Code-Assisted Two-Stage Multi-Sensor Fusion Localization Method
W7128437526,main string,excl,1/off,"not a judgement of a specific registration (Monte Carlo localisation, registration or SLAM methods, medical and other applications)",2026,Selective Downsampling for Fast and Accurate 3D Global Registration with Applications in Medical Imaging
W4415936284,main string,excl,1/off,"not a judgement of a specific registration (Monte Carlo localisation, registration or SLAM methods, medical and other applications)",2025,C3VDReg: A Benchmark for Local-to-Local Colonoscopic Registration toward Anatomical Localization
W4391257605,main string,excl,1/off,"not a judgement of a specific registration (Monte Carlo localisation, registration or SLAM methods, medical and other applications)",2023,"Guidance, Navigation and Control for the autonomous rendezvous and docking of cooperative targets"
